temperature_hiver_2020,temperature_hiver_2021,temperature_hiver_2022,temperature_hiver_2023,permeabilite_sol,resistance_sol,ph_sol,humidite_sol,au_dessus_60e_parallele
29.053075337114514,39.53449823801252,40.472772592037174,31.656419893799416,10089.417172257425,0.1383556520118936,4.333676925815267,51.788211013595884,non
-29.462615555930604,-19.81567489319498,-16.917876671272047,-20.727336071778605,6677.632376462812,-0.9971853766189542,6.114163118173744,22.174472464207547,oui
30.28076716500454,27.412996281804567,29.140987265638593,24.553664166453707,12517.937333987953,-0.7584117345794894,7.8554986727694835,45.562139313100424,non
33.617111811560235,30.97444992230022,30.62239420403945,27.528573841710806,9915.68203657584,2.453875935241138,10.015525843624792,70.10853015854,non
8.986168770232467,7.715401655311731,0.7201826915011962,7.350463214768344,12544.923511117837,0.19432327926133897,7.785226193592361,63.180314640983326,non
20.557822694525452,25.867050063199482,28.1777710532888,41.57454438947685,11537.531773917111,-0.3848548507179439,6.0188901881670285,40.84950511584365,non
-2.0832290643316655,4.479107842021161,1.3561998972334717,6.736886183207258,9875.009084655452,-0.7692345543662116,6.729700705119688,45.66136985380616,non
-18.355632906096112,-20.407876367503192,-11.917711564285565,-12.058198398555385,3887.77721087758,-1.2175466286500187,5.096404813721261,69.84296812162039,oui
47.11611347506136,43.78259924074613,40.626809857216806,41.300647501659995,10282.468083239539,3.042630162925497,6.172851425879385,48.83097751213708,non
41.198127773712656,31.05130556831292,29.62975460414036,25.78557198691881,9539.990279223846,2.7564591436414325,7.098115991289714,75.70922668543534,non
-21.885016746253775,-13.054796141086953,-14.520014076977992,-8.78142312201418,3656.9073908945,-1.2361022721631167,7.085605830728206,36.985481066370305,oui
-37.95659508835298,-28.92636071293168,-20.423025478194166,-20.337503134438336,7835.682127006986,0.5921036748915385,6.230294998912004,53.595287125747085,oui
26.640650504767063,18.197367432347654,17.112253876651835,18.450520119686004,11047.079855780077,-1.1657597112596418,6.7633802997542105,31.507476252858098,non
-25.619641644699307,-25.787071123804488,-15.738521193886202,-8.217387669794475,2195.7288397494904,-4.861640817001295,4.474041814853886,28.015796826940274,oui
-22.310927875674224,-24.018660500721435,-20.040604036844375,-19.81916530832943,5502.139954566014,-0.6645741561248921,6.640791315151598,67.92860706231039,oui
-39.707918577314246,-37.179935096301165,-33.7441176842525,-28.629031951187688,5522.035929793263,-2.9418663160828666,5.424581290043382,24.70720324003156,oui
-27.962292586037066,-27.446295470464282,-24.306450850337637,-22.08978050347058,4265.939566692303,-3.72748463960806,4.622558303352777,61.977987493933654,oui
0.7854417344574802,-1.059148452387392,-1.5057764355425594,-4.289474540698093,9525.715995039178,1.0496426595035109,7.432499710197373,78.77471983109965,non
-29.60416414165686,-26.866697499491746,-29.745727687345344,-24.539373049200293,1415.0596158488931,-1.4980861870458813,6.453815006658498,69.17224369466214,oui
-18.952124368145526,-18.618560653006806,-8.461010727444751,-12.663146379766616,3363.2034330747365,-1.5107506052422301,7.093581393862499,57.58486582980143,oui
18.26636789424505,20.242214510690687,9.247792940423114,6.140289091479261,11672.19470192071,1.9006541822828877,9.450359871659511,41.32030811490651,non
-37.19119168226055,-38.28002649096049,-27.44729109535496,-25.897284615556003,2766.6174996291384,-4.48963699580563,6.1116750364942884,30.126702523460228,oui
-32.682099729109915,-28.221637562687768,-30.87960389347838,-25.79305292309078,4990.538898851223,1.046448898334397,7.900948387609922,51.6700300257096,oui
30.976227311685683,38.992465718735005,36.79476661239127,35.08600811890837,11302.865300622601,1.6463136345759912,5.259696327405923,27.406788781628386,non
11.438635591497716,4.809141783942311,6.775135842325653,13.034842564626025,14072.627361104247,-0.06341617531843857,8.046343594832766,40.83195040792832,non
2.61331079014151,-8.33240994541459,-2.1903461790196097,7.860720279244381,7180.939102944846,-1.9006026570889838,5.253517995606183,22.47353152749413,oui
-19.389254964076933,-9.474498518679066,-10.85421076929688,-9.004149322089585,5149.250171458007,-0.1185934943678737,8.000894710645792,41.56536956435336,oui
-24.83200253403152,-23.223730853607716,-26.970219362835493,-23.12324127414603,4070.8973250186327,0.4423041736060076,4.368908303077602,39.804218421249686,oui
24.797272542091065,22.343892811455202,19.296865706177936,17.196962741558877,10293.285826553978,1.953693213705769,9.89819826533461,68.5586386063839,non
6.117496967416782,5.226742063093508,6.826935965848787,-5.388930252846068,9425.806083324438,0.5286175902157573,7.476902674886532,65.53724810098167,non
-49.90983967737625,-52.35883660972052,-44.64478217721929,-35.92358605516935,1994.095535140569,-4.129650864575718,6.735766059017705,28.58067748206659,oui
-32.429479108864626,-22.913922494170723,-20.51938639972824,-15.53297440367744,3607.832814332928,-0.42279293397292395,7.891923291431966,71.41319654979506,oui
42.152468830395634,36.05535923924158,29.53941497765406,33.149999039024344,11052.812831699996,3.0367339616961573,7.551997245795504,67.94803446243178,non
-17.883743243416603,-19.570620162726826,-8.798486422726391,-6.8107763919087665,8282.835467151333,-0.6438911407681696,6.601076097039646,44.49799560675494,oui
31.046975317917262,32.01709762947834,28.731251822275308,23.013542123192465,12590.01593265644,2.588412636910566,11.2043308461156,86.98912831541989,non
-26.954088548297516,-31.582805973655617,-19.166032208179463,-19.477390141757056,2351.778465184275,-4.397437784354688,7.254889919251143,50.80904372940326,oui
43.68769659014743,44.93987746285265,47.04059593623006,41.592360755589596,8762.551129318428,-1.3700142063893992,9.768219600751031,42.60232408654431,non
21.150385799377318,27.3647333008017,21.135766254962945,24.52474389272257,13890.891918607085,2.6565149088027598,8.306408801886638,67.55441205773243,non
12.514095762741022,9.213012544578078,4.551616038663971,0.7649666534786634,11012.339473360316,2.932119930607618,8.83065755811842,49.22520329284384,non
50.66753397997171,47.28035814237003,47.72971359763383,47.601784809828516,10182.76357796881,-0.47388769067104586,7.689005543518426,38.78177078765434,non
-32.763279505063636,-27.86116465406954,-24.490015624967896,-18.980980544055875,5642.165305608989,-2.961869922017348,5.6115484944854,55.39272078493043,oui
21.252505591986253,19.07263186573681,19.518700368448684,17.756774920660686,10875.539760882777,2.163340769308597,10.085762538737143,76.96865638045618,non
24.974799792175805,26.946564130982843,26.146587037294694,27.911663744091804,10676.157629308425,2.4085260850466117,7.17485573775775,51.46489297606173,non
32.1142114835287,28.662991490806167,22.464164353351123,16.711434339878824,9721.193972750323,-0.652029603068883,8.467544324762386,63.331966132485036,non
-35.7037960126301,-31.04060817739343,-20.357905171268982,-16.45808035515237,8894.260508601215,-3.489354639556397,4.738608071929491,32.610468669449205,oui
-14.189713478907763,-7.674325838324633,-9.783094064865647,-3.1594824200753964,7128.808307971008,-3.2839916949923937,5.533442560298872,65.79778536227381,oui
-53.64330134943578,-37.33147851447729,-38.453994122219385,-44.37654692141473,3616.590954196373,-0.11654546993749326,7.395350380442373,40.10166752434463,oui
26.19836986513713,18.1432689542534,21.404802216290435,24.17088853692676,11725.419306564674,5.830146728478071,7.680257379008621,53.60202407508766,non
33.36602157002214,24.130647841861897,18.626222765660337,25.355509800184027,8744.682437029778,0.5320813232305013,7.477313822680295,37.85062752330239,non
-18.636214695975482,-11.995907125913508,-10.821671209749132,-7.831849534541908,4371.150271362303,0.6326871338772464,7.504889339185277,38.12461036877149,oui
7.792020091036823,11.272077731010743,8.390677142152443,8.266582910588019,8208.286443188888,-2.259845349471194,6.24750547932431,44.24367479376781,non
-38.14197588212958,-32.23665465109481,-26.45573249603436,-24.72013550563458,7255.658144343491,0.5701508082140405,5.493354165190604,56.081399738891484,oui
20.154120906163364,18.99430147976127,27.247058283568233,27.63799234392057,7328.553558068554,1.131988124635193,8.205007136673066,42.96833773364433,non
-43.455781548623335,-44.654234954774466,-44.537745729467055,-44.93832200369713,3587.4280927776585,-2.7380477522910245,5.18420987989015,48.674023453590564,non
-25.47326134232623,-16.445917015953874,-19.428911642762724,-10.24220925787612,664.3007232637055,-5.638568566483863,6.374013965522184,59.548225840099164,oui
-1.9604720934846598,4.010681845075226,-1.0977570065521798,10.01634574036463,6152.4663645122255,-0.8882176507526522,9.329905335388958,44.045544247449925,oui
-44.330523406345065,-44.14205640338308,-44.34562082544652,-44.68632802741661,3852.7026139256163,-2.21322167376573,6.888320036407759,50.036733517686734,non
-19.42659118187901,-13.92956428333819,-7.802313334118739,-8.881182119931779,5656.984160120372,-2.751372084332309,8.765246706441522,33.58947751061291,oui
-24.077294067938517,-29.174179279725635,-32.846323786585614,-22.66162850660259,6937.966477005126,-2.4737996238997186,8.07792549723173,50.66755478622524,oui
-28.631019521548883,-25.165707341445874,-22.76118045320617,-23.98071218767517,8451.309363331135,-2.49622789633044,6.828176110336582,69.77503797544426,oui
30.68236672058421,27.514345082495005,33.29466329122978,37.44574651613541,13450.793640747177,2.777721639780485,7.4251366918125274,64.16245537260286,non
-44.06465633855457,-43.784428119045096,-45.26122569836303,-43.1440892948135,4206.120256821855,-2.9098639870670704,5.685527667548617,46.082415780543684,non
-28.201170735524563,-23.49006930916643,-12.89476168946863,-11.436214732751193,4087.915608119464,-0.892286591002541,5.611323032494569,36.5692371726858,oui
56.87769051351771,55.15868530160823,44.46403838012528,48.482484302683936,12354.232048042242,2.0054753538105476,7.113154584685035,74.36801901604171,non
-22.90652175985327,-15.72872396804735,-13.80218145808236,-1.8936364161257706,7901.867294545507,-3.8831962668218796,7.695144104794837,57.34860606238482,oui
35.865937080048695,30.3872529361192,29.334224619457046,30.92048136775463,10424.073772330355,0.8099960707635097,10.222394241044238,48.454527283811444,non
42.63594091643603,35.33584245721005,26.252588904901522,25.75715663079837,12881.826412037626,5.165257007998042,9.561345891675751,39.69778797467066,non
-29.310913710292112,-21.93341303110137,-14.177371768717531,-14.592358298683415,2352.9962236550264,-5.1407624258878295,8.174753923628304,23.58998328744225,oui
-39.76128547227769,-37.19487929109789,-28.46329041771001,-28.911586472233402,2736.9835798499143,-0.322141950193813,5.559147092556087,46.2757063722368,oui
23.859279831423628,33.77299940369546,27.81023720593384,30.769695040205917,12755.00075668191,-0.6384841626503572,6.497400753210208,74.98242924172902,non
-43.53370413954042,-44.76469369148286,-44.94255733564139,-43.96916738908533,4438.937939571126,-3.153787079751078,6.961528396769231,53.696594771697264,non
21.299113549222387,24.60547237013674,15.261259585709196,13.923513637306533,12337.34235871875,4.2295624732664345,8.098444911355802,52.40404785845955,non
40.14286626822313,32.23515532072727,42.98101267005361,45.603168795843274,10543.595381587453,0.5682964467031144,8.077857641216672,53.90384837973551,non
-44.93259092403707,-47.27345764327382,-46.4604850270682,-49.89927300694928,6928.518051419864,-4.263435465914009,6.196524314303887,30.52626275758814,oui
-18.058505399047252,-13.914588074380749,-10.538597802698437,-14.928325280161944,8052.516173313609,-3.257924529777516,6.1039321126248005,48.48759776137629,oui
-10.493190148288576,1.11515754174403,9.486944308728372,8.952527699258999,4031.9336224966055,-0.9289091752270798,7.140052336606143,49.98383758834758,oui
40.85763258520963,39.68945421246467,29.97518688214884,27.332120265153733,12587.075977224904,1.604433501877379,8.434753180520755,52.282951193773826,non
-45.20273955731965,-42.230598666959374,-39.721298707035416,-33.5589865053941,3884.836820232527,-1.5290953491392092,5.341600694509943,40.97375388023431,oui
-21.279114151731353,-16.009482182722213,-18.362715068921556,-16.95422527836792,4690.645109251745,0.9965746636412773,8.567429578075108,50.90590379057003,oui
42.71878045583701,42.14630575241488,31.093678783489633,38.71572992910801,7371.9646437574465,4.314815627347697,8.656544284659518,45.8630616220507,non
17.195288765953862,13.129057122591789,19.739112452462898,30.943329691208223,14661.18167787344,3.3863968145844767,9.833197622082597,57.62041802258666,non
16.2268306945266,12.316672530030464,15.993084181246958,13.860906728693468,12368.304309026884,-2.5469786719870156,7.529135007565693,45.27848255167588,non
4.439682095939879,4.005851207658878,-4.957350965745858,-0.109082270378142,10939.887592896295,2.0843137261065143,7.087412076536242,41.163780976145596,non
-29.57748792993156,-28.222301002976117,-31.10434864628284,-27.113454869740927,4828.991477711274,-0.15039707676428837,6.456823755787129,55.94724780637482,oui
26.133410253094087,27.26119167957321,27.739746607786167,25.571511331165503,9677.382362014017,-1.557671338803699,6.253549784025668,39.90434269207664,non
-28.085118342596413,-29.21056508398971,-19.69215407434595,-12.85921494939664,1213.7993689967618,-2.291711053626095,8.098959823598044,38.90180431071906,oui
29.09656430618558,25.682685754581417,31.008724202444327,27.878603345262047,13034.653203382153,2.04624283618369,6.365653638562093,43.58814254388172,non
-25.095054527839864,-24.8311456756738,-28.666678548140858,-18.042506378509753,8334.662582209552,2.3394686583530326,5.971521424879937,46.86342030414252,oui
-51.768236016330526,-44.32465357836907,-46.41194604079511,-49.1372732343476,3760.24818257277,-6.752153425413605,7.191333508462481,50.547099781828486,oui
-33.640224848950595,-30.4860533540649,-25.905823148080973,-21.205195628265123,3521.8717785917074,-4.789170308623357,5.467841336231753,33.342988099229444,oui
4.605579243782203,6.622297195985989,11.508512661259834,10.335250062793252,13043.234783574182,1.1013600069809464,7.614378658148582,62.58644809386911,non
11.745099917552686,6.0516694726804,7.161680794595234,8.165377607638643,10211.656466266186,-1.0900206784987385,5.536768183748357,46.3338951719528,non
77.98921040731287,68.60971662942706,63.57945621450822,62.52509366652303,11535.025083200464,-1.7561510519436125,4.67766544917869,65.00886119092266,non
25.0616258222801,20.570015934313297,23.079134389209464,13.783212183860119,8819.804265289293,-0.5744893758588763,6.614421684549411,34.64675253480792,non
-2.8831062251466966,-7.982826025779669,-15.423356574093436,-15.54885981932189,9112.58467611512,-0.7638192830992061,8.46219417026009,51.91908932490767,non
-41.313264838115806,-37.52637113017516,-37.242944278925265,-30.808171583754017,5071.302084818368,-1.4528568181168402,5.379126259703874,52.52364980678457,oui
-36.79914446733796,-33.63293839891909,-40.28822425455767,-43.57909082413267,8025.816333779628,-0.13039482922190837,5.55377682522791,44.88286695878753,oui
-36.27578235537028,-35.48881371170239,-31.1838460251129,-23.352900376030703,4545.532236513831,-2.4697184356237916,4.813897419184824,46.201960642736346,oui
34.132787676058605,25.674883296860788,32.92561918534757,26.283131468574606,9265.797596953074,-0.44103784608063035,7.427108089233322,58.1783898493629,non
-38.15633839150464,-33.422481474644584,-26.379254344345135,-24.510986990184666,5317.028016759774,-0.9852421117669143,5.309529452098689,34.65630832174931,oui
34.74278210468574,33.382086467593325,38.9509475610411,40.089763802858705,11580.732816461257,1.7932386066645476,8.647282991089073,54.06056821384546,non
-45.0756365049735,-45.09675642789152,-44.028457574808485,-44.0276289350434,4268.801917102642,-2.301136411844421,6.44891064972127,52.22047021355166,non
-47.28666091755238,-34.964880974123474,-32.31247583396209,-34.446996946036144,5788.782667924493,0.553411763867695,4.696695528728672,23.38668016247524,oui
41.33381051162623,42.329236056799445,34.04017772228508,38.91504382058857,11423.528827802747,-0.5948871895094343,5.270294256234211,35.44298523245968,non
-8.907634898189496,-14.650278974943891,-6.294061460916736,-6.5908048084741635,7636.915038964334,-2.0871410111854134,5.207620155764224,34.93883182638111,oui
-29.793132167269835,-27.756745000155977,-22.83730710921982,-25.29594566542383,4991.099650427778,3.0317420162793134,7.05821325217414,22.962829549615936,oui
-0.8728119961909382,2.050928336550191,6.650167778490799,13.177081069765782,6616.838300180096,1.5280668165577072,8.835475175680902,45.362634527770055,non
39.59876737947014,44.47815179405338,42.40669591593992,47.51223254104222,10718.222244846853,-0.3998944546396985,6.903353565204859,60.380998860579105,non
-44.3720450632599,-43.57920939895561,-42.996741170948475,-44.091844683899964,4338.627565924545,-2.8281268948755742,6.2498070041912,53.4937810197565,non
-20.764579955698338,-18.029369758701222,-13.595500912546635,-9.085831718249437,6038.536672917209,-0.6890174307417272,6.448841452085954,63.869632541205206,oui
16.249947502601337,16.96731462690437,22.884453693066668,26.775086304480496,9972.63813722389,0.3396471822005227,6.5588296719119965,31.630789470818577,non
36.38116487295608,30.91484393809202,39.58579535196428,33.82607037156025,11997.346799582816,1.5132091892129405,8.747975960470239,59.741164811266806,non
41.05061388778725,35.52987669245587,38.42270769714266,34.05621157541799,9365.308238167023,0.21170322141305076,8.057822681071396,66.89414550094507,non
19.581073657404847,24.033327963210816,28.258600970909466,28.314649031663084,8802.179504045704,3.1722321368983586,6.8309901297157305,19.227363001185175,non
35.895357788086756,36.958066314705704,36.03927966733296,34.23787220567051,10445.03528437038,0.7866702993142766,8.424587843525407,45.1323466411039,non
-27.262600238495054,-26.64292499023143,-20.152468007740005,-26.046274223914622,2745.303069412504,-0.7190106673762592,7.132534911216353,66.94332926402176,oui
48.4688117134699,44.379389013728456,47.17042363918606,42.48631145854389,11074.582612313541,3.259641700351739,10.398998824749464,51.27422466614447,non
-40.20046628992634,-40.864253166826856,-34.13078188296599,-29.23723864084881,3470.82703815272,-1.0285823285006628,6.323577659190954,29.613700409398227,oui
-29.354346590376814,-15.89168215504465,-9.440356565384025,-8.264060101238307,5016.596703408326,-2.361439621462938,5.833840253844263,51.99835796301187,oui
-27.24235014931713,-26.021023911042032,-18.347155318717313,-16.354935574501805,5623.493987944456,-1.4188033739549883,8.52871934016639,57.34705086971806,oui
-1.0963533745386411,-2.3806052252841012,1.4947339924716765,-1.4148081259916194,3765.851915908619,-0.10461664785527014,4.108297089784243,23.101991946855733,oui
-45.742295648151924,-41.566690411766736,-38.55979774067659,-33.52011436271013,3100.8452007683113,-3.2164589177138607,6.875950443844804,53.257333145037016,oui
-8.61421058053405,-5.968174277733907,-7.5116875105884695,-15.096609743732861,7006.796351799694,-1.9963748247340467,5.921318847778932,68.52574248641443,oui
31.811531524347924,30.209716701209366,29.325669607105716,23.73160633548907,13034.972371491993,-0.2716507263725598,8.429348652136488,72.84765807591026,non
-30.573156955132916,-36.23675132022943,-33.102698642160014,-31.130486337728165,6216.768980265844,1.7181200165393649,7.560721434151792,58.22260743384706,oui
-18.130379712824926,-14.072533256383922,-12.309427218841705,-13.754795960353892,4256.114678030355,-1.4000948654019911,4.329834742642159,44.09284339050306,oui
8.61993814836871,11.269181325688717,12.027311387644582,17.232422394305516,12099.227603432277,-1.8117072644444518,4.960704724970539,42.1071211519239,non
-27.565031038421637,-24.810922539275957,-19.417364363278757,-19.296330523710072,1727.8056075660472,-7.866605272739094,3.8866892915813525,3.199661574228813,oui
57.989775061114486,55.14556021570399,49.60579118046652,47.229539797162126,7044.652795176984,2.6674106853953568,8.984125527879693,53.92224175927401,non
-44.18031599188092,-44.44675914175155,-44.59357764788139,-43.43596257418187,3877.144489359249,-3.8806442067808633,5.796088510660863,54.759908114640716,non
-32.26378578497783,-36.99227214961626,-30.936979388385137,-24.371065265427966,4147.242108585576,-1.3455055676336753,7.976216167163109,31.068693441682527,oui
-5.307551926936913,0.175760427105204,-0.10732778932496512,-2.665230590504647,6307.134599056165,0.6938876497454882,7.5972454097203785,54.142647926401594,oui
26.189434737843797,33.15118894051651,27.336616408067545,25.262056277952624,12518.570711815304,0.9614930068585468,6.515977896755083,78.01432190301821,non
17.912447811767212,21.359781922006768,20.571009207839122,18.851379201532097,10359.330737123051,0.37717866198234895,6.609413457210176,35.05560560547664,non
-24.322382829938203,-24.87461275110767,-19.468589315784484,-13.615792690412887,5660.873249719578,0.3263271005477577,5.308608190698258,30.49526202365533,oui
15.455807468739664,11.18893239773734,5.234903383049778,0.15957197775981946,11631.547376173763,3.6765581717762315,6.744548641616394,57.363602358442556,non
17.582098008144165,17.19457329333261,12.757027174932666,10.974253210753457,9378.310050483908,3.4974356507867816,8.67884294821106,62.633380014657824,non
39.04766968298064,36.80711749490086,37.949236241092635,42.492970328273465,14066.511144721142,1.098385082083094,9.104384479586152,61.379169599100734,non
-28.095619218214363,-27.499958611101928,-20.39525664383766,-21.194323660596286,7064.788319439501,-1.2386792819667132,5.706741966275727,35.54753363204148,oui
-33.691844029589056,-32.38900245886159,-24.702066597148747,-19.717241950133985,3053.903050968172,-0.32318343311897535,6.543396056697696,22.92639204393378,oui
4.682958777026752,7.995939682736047,11.106519545491617,14.34874178556678,8801.35577890624,0.940615952521727,7.890570981870561,53.235332129051145,oui
55.79472773995461,49.20272350476287,53.15668225290959,62.96902644870251,11932.06983219198,0.7294265871576757,6.449440679953438,38.047148534993894,non
32.245779709570925,29.15232648577583,28.01354682094274,30.031049805507802,12140.311141167895,0.9791399835326455,7.8445924358762715,56.577967791701184,non
12.158848585604217,12.255169383833735,10.749662024551705,12.847509258131158,10670.008021718455,2.373761737422776,7.068911039470509,56.531954423400286,non
33.402800448673474,29.387439094442595,37.41165139164055,33.21605570533089,15055.010032586424,2.074098197908114,7.206722822651395,25.91254768650226,non
-15.463185981812044,-12.940914925266165,-13.226967930057194,-9.24146255551874,5795.417253232512,0.8282584507293858,6.293369117016654,49.12920919508223,oui
32.87126876306965,21.889962650342728,25.278566235843485,27.413963931021303,9645.619758265733,1.711713552080798,6.687346731258868,39.7207977983046,non
-43.766469564184504,-28.08433403850183,-26.92133927542907,-19.50823784656203,3043.906596137152,-5.742688683248173,6.133792370477261,42.90808581245067,oui
-33.78938079776606,-27.029554485426317,-25.92343348189223,-21.55088581422368,3134.9978908818007,-0.20474929210211656,5.6719957241172025,44.721055676888795,oui
32.04639081810267,24.65267171141398,28.13524778653445,38.75271016363931,11267.281034706972,1.9988508424731866,7.667922092485014,20.821923400640216,non
23.77882488418989,27.364835769227998,18.87574054804768,24.155826605720932,12741.967556420239,4.018241975094135,9.208598200422701,40.19350733063367,non
-30.67631897770951,-20.12677830496109,-24.253465378812134,-15.64342394803234,4845.032662014463,-0.3109237822190889,7.398549726722298,37.54239525556779,oui
11.602524789651108,19.738503770239383,18.247679748341763,20.27746541424134,11307.735514204538,3.269675784653921,7.064935026823654,59.75424576820123,non
-31.256344062015618,-20.1109767557377,-13.336766860102712,-14.11578905986012,7689.347326340137,-3.206495567974437,6.097009248365604,25.97524162170312,oui
21.22431747776828,18.864897080351675,15.810129597912763,17.648603310040457,7759.68390412198,1.2177203791462392,7.846618796967485,44.68563518554067,non
-35.29897866274124,-21.223642093418785,-20.073678118698886,-20.400586272444126,5110.125671760396,-5.074169657161203,4.174799711771401,23.020382565566436,oui
-15.972354754639973,-10.667875285369355,-11.721628264604446,-17.8924573596056,7672.200451011875,-0.0021794731901008113,5.703254519670535,48.88381150931938,oui
-43.75125284095767,-45.276256511096115,-44.67125525087304,-44.378633060473106,4732.618315766732,-3.4990892692069866,5.966068528525408,59.7111957122141,non
